Improper words,correct words
wave,waive
eligibilty,eligibility
account no,account number
recipt,receipt
instalments,installments
instalment,installment
unfaire,unfair
no.,number
2day,Today
2moro,Tomorrow
2ndfrm,second from
a/c,account
abou,about
accnt,account
acc,account
accnt,account
accnt,account
accomodate,accommodate
accont,account
accountas,account as
accountthey,account they
accountwould,account would
acount,account
adress,address
adrss,address
adv.emi,advance emi
advancei,advance i
againi,again i
agaist,against
agriment,agreement
agriments,agreements
aleready,already
amont,amount
amounti,amount i
amt,amount
aplied,applied
appox,approximate
appriociable,appreciated
apr,april
arn,are
asap,as soon as possible
asoon,a soon
asps,as soon as possible
aswll,as well
atached,attached
b/w,Between
b4,Before
b4u,Before You
babaj,bajaj
balanceplease,balance please
bases,basis
bcoz,because
bouns,bounce
bounsing,bouncing
businessby,business by
calltext,call text
capf,capital first
capilal,capital
captial,capital
cardbabaj,card bajaj
cardwhy,card why
chang,change
charginges,charges
chequehow,cheque how
closue,closure
co.,company
colection,collection
comapny,company
comoany,company
complaing,complain
complaintquerydetails,complaint query details
complet,complete
complexliberty,complex liberty
compliened,complained
compny,company
conatct,contact
concent,concerned
conformation,confirmation
considerd,considered
cont,contact
continuosly,continuously
contno,contact number
costumer,customer
cosumer,consumer
daysbut,days but
daysif,days if
debitedi,debited i
debitedwe,debited we
deductedpathetic,deducted pathetic
delivary,delivery
deliverd,delivered
didn t,did not
didnot,did not
dis,this
dist,district
docments,documents
doin,doing
dtd,date
e.m.i.,emi
eached,reached
ecscapital,esc capital
emi's,emi
emi''s,emi's
enquirer,enquired
executivesridhar,executive sridhar
feeded,fed
floorsamruddhi,floor samruddhi
folllowing,following
followup,follow up
followups,follow ups
Forclosure,foreclosure
forclosure,foreclosure
formsuddenly,form suddenly
frm,from
fwd,forward
gonna,going to
govt,government
gr8,Great
grantedthey,granted they
grantedthey,granted they
hash,harsh
holidayspvtltd,holidays pvt ltd
humilited,humiliated
husbnd,husband
hv,have
iam,I am
illigally,illegally
incorrectlyloan,incorrectly loan
indecencythey,indecency they
indecencythey,indecency they
install-  ments,installments
install-\n\nments,installments
install-ments,installments
instolment,installment
insufiicient,insufficient
itintentionally,it intentionally
itintentionally,it intentionally
iwant,I want
keepquit,keep quiet
keepquit,keep quiet
keepquit,keep quiet
kindky,kindly
lan,lan
lanacnoan,loan account number
lifethreatening,life threatening
lifethreatening,life threatening
limitedearlier,limited earlier
loanand,loan and
loanand,loan
loankishore,loan
loankishore,loan
loantw,loan
loantw,loan
lone,loan
ltd,limited
m,am
maintaind,maintained
max,maximum
max.,maximum
mee,me
metter,matter
min,minimum
min.,minimum
missued,missed
mob,mobile
mob,mobile
modewhen,mode when
moneyand,money and
monthbut,month but
moreinformation,more information
msg,Message
n,and
ndc,noc
need ful,needful
NEED FUL,needful
neibours,neighbours
nmbr,number
nocmy,noc my
nos,number
nowand,now and
num,number
o ,to
octoberbut,october but
ofi,of 
onething,one thing
ontime,on time
organizationis,organizations
organizationis,organizations
outsading,outstanding
p.ltd,private limited
Payement,payment
payement,payment
personalloan,personal loan
Personel,personal
personel,personal
pls,please
pls,please
plz,please
Plz,please
prof,proof
pruf,proof
punchully,punctually
punchully,punctually
puntully,punctually
querycomplaint,query complaint
querydetails,query details
r,are
raniifsc,rani iifc
reaming,remaining
recd,received
recd.any,received any
recd.bill,received bill
receiptwhat,receipt what
receivedloan,received loan
recieved,received
ref,reference
regard,regards
regds,regards
regds,regards
regds,regards
regds,regards
registering,registration
reletion,relation
remainimg,remaining
reportnow,report now
represntativeon,representative on
requestwhen,request when
requird,required
requiste,request
resoponding,responding
retrived,retrieved
reveresal,reversal
rgds,regards
rgds,regards
"rgds,",regards
rgrds,regards
rome,roam
samsumg,samsung
sanctiond,sanctioned
scane,scan
scane ,scan
servicethey,service they
shamful,shameful
sibil,CIBIL
sighned,signed
Soilution,solution
soilution,solution
soilution.,solution
Startd,started
startd,started
statementi,statement i
statusmy,status my
stmt,statement
stutus,status
suficient,sufficient
suficient,sufficient
suggenst,suggest
t&c,terms and conditions
tel,telephone
thembut,them but
thks,Thanks
thru,through
thx,Thanks
tnx,Thanks
tonopen,to open
trans,transaction
twicely,twice
twothree,two three
tx,Thanks
txs,Thanks
txt,Text
ty,Thank You
u,you
updateloan,update loan
ur,you are
vehiclenow,vehicle now
verificatoin,verification
voltasac,voltas account
waiv,waive
yoursbut,yours but
yoursbut,yours but
yous,your
yrs,years
yrs,years
yrs,years
yrs.,years
acaount,account
acaunt,account
accaount,account
acc,account
accaunt,account
acccount,account
accnts,account
acco,account
acconts,account
acconut,account
accoount,account
accopunt,account
accouct,account
accoun,account
accound,account
accountt,account
accout,account
accouunt,account
acct,account
acctt,account
accunt,account
accuont,account
acoount,account
acoouunt,account
acoun,account
acount,account
adddress,address
adderass,address
adderes,address
adderess,address
adders,address
adderss,address
addess,address
addras,address
addrass,address
addreas,address
address,address
addressc,address
addresse,address
addrs,address
addrss,address
aderess,address
adjustmnt,adjustment
adress,address
adrees,address
adreess,address
adres,address
adresss,address
adrress,address
ageeemwnt,agreement
ageement,agreement
aggerement,agreement
agggrement,agreement
aggmnt,agreement
aggreement,agreement
aggrement,agreement
agmt,agreement
agreeemenst,agreement
agreeement,agreement
agreeemnt,agreement
agreemenr,agreement
agreement,agreement
agreemet,agreement
agreemnet,agreement
agreemnt,agreement
agreemtn,agreement
agreenent,agreement
agrement,agreement
agrrement,agreement
agrrment,agreement
alradey,already
alrady,already
alraedy,already
alrdy,already
alreaady,already
alread,already
alreaday,already
alreaddy,already
already,already
alreay,already
alreday,already
alreddy,already
alredey,already
alredy,already
amoumt,amount
amoun,amount
amouna,amount
amound,amount
amounr,amount
amount,amount
amounty,amount
amout,amount
amt,amount
amunt,amount
appproved,approved
appoved,approved
apprpved,approved
apprved,approved
argeement,agreement
asdress,address
attachd,attached
attache,attached
attachement,attachment
attachemnt,attachment
attachemtn,attachment
attachmemt,attachment
attachmnt,attachment
attachted,attached
attacment,attachment
attahced,attached
attatchment,attachment
attatching,attaching
attcd,attached
attch,attached
attchching,attaching
attched,attached
attchement,attachment
attching,attaching
attchment,attachment
attchmnt,attachment
attechedment,attachment
attechement,attachment
atteching,attaching
attechment,attachment
attectment,attachment
atttaching,attaching
axcess,excess
baunce,bounce
behaivour,behaviour
behavior,behaviour
behaviors,behaviour
bihaviour,behaviour
biunce,bounce
biunced,bounced
blounce,bounce
bonce,bounce
bonced,bounced
boncing,bouncing
boucned,bounced
bouching,bouncing
boucing,bouncing
boucned,bounced
boumce,bounce
bounc,bounce
bouncance,bounce
bouncd,bounced
bounceing,bouncing
bounch,bounce
bounche,bounce
bounched,bounced
bounching,bouncing
bounse,bounce
bounsed,bounced
bousce,bounce
bouse,bounce
boused,bounced
bousing,bouncing
bousncing,bouncing
buiness,business
buisnes,business
buisness,business
bunce,bounce
bunced,bounced
businees,business
bussnes,business
bussness,business
chq,cheque
chqcue,cheque
chque,cheque
chques,cheque
chuqe,cheque
cibill,cibil
cibile,cibil
cibili,cibil
cibils,cibil
cibl,cibil
cible,cibil
ciblil,cibil
cibll,cibil
cilbil,cibil
cirtifiacate,certificate
cirtificare,certificate
cirtificate,certificate
citificate,certificate
closeure,closure
closor,closure
closser,closure
clossure,closure
closuer,closure
closur,closure
clouser,closure
clousure,closure
clsoure,closure
cncellation,cancellation
collction,collection
collec,collect
cope,copy
copi,copy
copie,copy
correspendence,correspondence
correspondance,correspondence
correspondence,correspondence
correspondences,correspondence
correspondense,correspondence
correspondent,correspondence
corresponding,corresponding
correspondse,correspondence
corresponse,correspondence
corresspondence,correspondence
corressponding,corresponding
corrospendence,correspondence
corrospondace,correspondence
corrospondance,correspondence
corrospondence,correspondence
crdit,credit
creadited,credited
credeit,credit
credict,credit
credid,credit
credite,credited
cretificate,certificate
crtificate,certificate
cusmoter,customer
cusotmer,customer
cusromer,customer
cust,customer
custemer,customer
custm,customer
custmar,customer
custmer,customer
custmore,customer
custody,customer
custoer,customer
custom,customer
customaer,customer
customar,customer
customor,customer
customre,customer
custoner,customer
custormer,customer
custromer,customer
custumar,customer
custumer,customer
cutomer,customer
cuustomer,customer
cybil,cibil
dabit,debit
dabited,debited
dacuments,documents
daetalis,details
datailes,details
datails,details
dateils,details
dcoument,document
dcumnt,document
dealar,dealer
dealear,dealer
deailer,dealer
dealerships,dealership
deatail,details
deatailes,details
deatails,details
deatial,details
deatials,details
deatil,details
deatiles,details
deatils,details
deatis,details
debietd,debited
debirted,debited
decuction,deduction
dedcting,deducting
dedcution,deduction
dedcucted,deducted
dedcuted,deducted
dedected,deducted
dedecting,deducting
dedection,deduction
dedecuted,deducted
dedicated,deducted
dedicating,deducting
dedication,deduction
deduced,deducted
deducing,deducting
dedustion,deduction
dedut,deduct
deduted,deducted
dedution,deduction
deduucted,deducted
deitels,details
delaer,dealer
delar,dealer
delare,dealer
delear,dealer
deler,dealer
delere,dealer
delers,dealers
deller,dealer
detaials,details
detailes,details
detais,details
deteails,details
deteils,details
detials,details
detial,details
detiles,details
detils,details
detuct,deduct
detucted,deducted
dicpatch,dispatch
dicuments,documents
diduct,deduct
diducted,deducted
disbarment,disbursement
disbersment,disbursement
disburst,disbursed
disbus,disburse
disbusal,disbursal
disbuse,disburse
disbused,disbursed
disbusment,disbursement
disbusrment,disbursement
disbussed,disbursed
disbussment,disbursement
disbusted,disbursed
dispatc,dispatch
dispatche,dispatched
dispatched,dispatched
dispatching,dispatching
dispatech,dispatch
dispateched,dispatched
dispech,dispatch
distpach,dispatch
doccuements,documents
doccument,document
doccuments,documents
docment,document
docmented,documented
docoment,document
docoments,documents
docomo,document
docoument,document
docs,document
doctmenst,document
doctments,documents
docu,document
docuemnt,document
docuemnts,documents
docum,document
documeants,documents
documemt,document
documen,document
documene,document
documens,document
documnet,document
documnets,documents
documnt,document
documnts,documents
documt,document
docunents,documents
docus,documents
docx,document
dokoment,document
dokomints,documents
doocuments,documents
doucment,document
doucments,documents
doucoment,document
doucoument,document
doucument,document
doucuments,documents
doument,document
douments,documents
dptamnt,department
dtails,details
ducement,document
ducuments,documents
duduct,deduct
duducted,deducted
duduction,deduction
ecss,ecs
eecutive,executive
eemi,emi
eexecutive,executive
egreement,agreement
elgble,eligible
elgibile,eligible
elgible,eligible
eligable,eligible
eligble,eligible
eligeble,eligible
eligiable,eligible
eligiablity,eligibility
eligibaility,eligibility
eligibal,eligible
eligibale,eligible
eligibble,eligible
eligibel,eligible
eligibile,eligible
eligibiliry,eligibility
eligibilit,eligibility
eligibilitu,eligibility
eligibilty,eligibility
eligibily,eligibility
eligibity,eligibility
eligiblity,eligibility
eligiblty,eligibility
eligile,eligible
ellegiblity,eligibility
ellegiboe,eligibility
elligable,eligible
elligibility,eligibility
elligible,eligible
enqiery,enquiry
enqiryy,enquiry
enqrey,enquiry
enqri,enquiry
enquairy,enquiry
enquari,enquiry
enquary,enquiry
enquery,enquiry
enquire,enquiry
enqure,enquiry
enqurey,enquiry
enstallment,installment
ensttolment,installment
essiue,issue
essu,issue
estalment,installment
exccess,excess
excees,excess
exceess,excess
excesss,excess
excucitive,executive
excucutive,executive
excuetive,executive
excuitev,executive
excuitve,executive
excutive,executive
execative,executive
exective,executive
exectutive,executive
execucutive,executive
execuetive,executive
execuitive,executive
executv,executive
executve,executive
exeutives,executives
exictive,executive
exicutive,executive
exicutives,executives
exsicutives,executives
exucativ,executive
exucative,executive
exucatve,executive
exuctive,executive
exucutive,executive
exutive,executive
exxess,executive
ezecutive,executive
foclosere,foreclosure
foeclose,foreclosure
foerclose,foreclosure
forceclose,foreclosure
forceclosure,foreclosure
forcelclose,foreclosure
forcllosser,foreclosure
forcloes,foreclosure
forclose,foreclosure
forclosed,foreclosed
forcloser,foreclosure
forclosue,foreclosure
forclosur,foreclosure
forclosure,foreclosure
forclouser,foreclosure
forclouseur,foreclosure
forclousre,foreclosure
forclser,foreclosure
forclsoure,foreclosure
forcolsure,foreclosure
forcoluser,foreclosure
forecloase,foreclosure
foreclocure,foreclosure
foreclosare,foreclosure
foreclose,foreclosure
forecloser,foreclosure
forecloseure,foreclosure
foreclosing,foreclosing
foreclosing,foreclosing
foreclosouse,foreclosure
foreclosre,foreclosure
foreclosser,foreclosure
foreclossure,foreclosure
foreclosuer,foreclosure
foreclosur,foreclosure
foreclosure,foreclosure
foreclosureclosureend,foreclosure
forecloure,foreclosure
foreclouse,foreclosure
foreclouser,foreclosure
foreclousere,foreclosure
foreclousr,foreclosure
foreclousre,foreclosure
foreclousure,foreclosure
foreclsoure,foreclosure
forecolsure,foreclosure
forecolusure,foreclosure
foreloser,foreclosure
forgated,forgotten
forgaten,forgotten
forgeted,forgot
forgett,forget
forgetton,forgotten
forgooten,forgotten
forgott,forgot
forhet,forget
forhyder,?
forintrospection,for introspection
forj,forge
forma,formal
formalitieswe,formalities
formalitites,formalities
formalitys,formalities
formalties,formalities
formalty,formality
formate,format
formcopies,form copies
formet,formed
formhow,form how
formprocedures,form procedure
formt,format
formtds,formats
formy,form
fornon,forenoon
forom,forum
forplease,for please
forr,for
forsecloser,foreclosure
forshree,foresee
forst,first
fort,fort
fortamboli,fort amboli
fortcolaba,fort colaba
forthclose,?
forthcominh,forthcoming
forthcomming,forthcoming
forthe,for the
forthwith,forth with
fortis,fort is
fortunehotels,fortune hotels
fortuner,fortune
forumand,forum and
forumdarjeeing,forum darjeeling
forumif,forum if
forvishal,for vishal
forvishnu,for vishnu
forwaded,forwarded
forwarder,forwarded
forwared,forwarded
forwars,forward
forword,forward
forwortding,forwarding
forwrad,forward
forwrd,forward
fory,fort
foryour,for your 
fos,for
foscatanvp,?
fostus,foster
fot,fort
foud,foul
fouji,?
foult,fault
foundary,foundry
foundthen,found then
fourclose,foreclose
fourclosed,foreclosed
fourcloser,forecloser
fourdays,four days
foure,four
foureclouser,foreclosure
fourfive,four five
fourinstalments,four installments
fourthclouse,foreclose
fourty,forty
fouzdar,?
foy,for
fpor,for
fpr,for
fradulency,fraudulence
frainchisee,franchise
franchae,franchise
franchaise,franchise
franchise,franchise
franchisedeal,franchise
franchisee,franchise
franchiseeassociate,franchise associate
frankling,franking
franky,frankly
frantz,frank
fraudaulant,fraudulent
frauddecline,fraud decline
fraudelent,fraudulent
fraudness,fraud
fraudphishing,fraud
frauds,fraud
fraudsters,frauds
fraudulentwrong,fraudulent wrong
frd,fraud
fre,free
fredge,fridge
freedge,fredge
freedup,freedom
freequick,free quick
freez,freeze 
freind,friend
frenchise,franchise
frenchisee,franchise
frequencymonthly,frequency monthly
freshiza,fresh
freundlichen,fraudulence
freze,freeze 
frezze,freeze 
fridayfrom,Friday from
fridgei,fridge
fridze,fridge
friendsi,friend
frieze,freeze 
frig,fridge
frigde,fridge
frige,fridge
frim,from
frist,first
friz,freeze 
friza,freezer
frizer,freezer
frnds,friends
fro,from
froad,fraud
frod,fraud
frode,fraud
froding,fraud
frody,fraud
froi,from
fromalert,from alert
fromcapital,from capital
fromcontactus,from contactus
fromcustomer,from customer
fromd,from
frome,from
fromjan,from january
fromm,from
frommdcapfst,from capital first
frommyaccount,from my account
frommyyahoo,from my yahoo
fromo,from
froms,from
fromu,form
fron,front
front,front
frontend,front end
fronts,front
froof,?
fror,for
frot,frost
froud,fraud
frowarding,forwarding
frowd,fraud
frpersonal,for personal
frrom,from
frst,first
fruad,fraud
fruitfull,fruitful
frustated,frustrated
frusteded,frustrated
frwwdref,?
ftom,from
fue,fuel
ful,full
fulfil,fulfill
fulfilment,fulfillment
fullcomplete,full complete
fullfill,fulfill
fullfillment,fulfillment
fullfinal,full final
fullform,full form
fullfully,fully
fulll,full
funbars,fun bars
functinal,functional
funda,fund
fundedplease,funded please
fundgrowth,fund growth
fundhowever,fund however
fundingamount,funding amount
fundsbut,funds but
fundsi,fund
fundsis,fund
fundsloan,funds loan
fundso,funds
fundsthen,funds then
fundstherefore,funds therfore
funduti,fund
furtherand,furtherance
furthermorewe,furthermore
furtherpls,further please
furthers,further
furtherwaiting,further waiting
furthr,further
furthur,further
furthure,further
futer,further
futher,further
futhure,further
futire,further
futther,further
futurecapital,future capital
futuregenerali,future general
futurei,future
futureintranet,future intranet
futurem,future
futuremcapital,future capital
futures,future
futurex,future
futuristic,futuristic
fuuly,fully
fyi,for your information
fyia,for your information
fyii,for your information
fyiiiiiiiiii,for your information
fyip,for your information
galaxi,galaxy
gamini,gaming
gantle,gentle
gapp,gap
gardan,garden
gareen,garden
gaved,gave
geeting,greeting
gemstonediamond,gemstone diamond
gen,gem
generale,general
generali,general
genetal,genital
geniune,genuine
genpacthyderabad,genpact hyderabad
genral,general
genrarte,generate
genrate,generate
genrating,generating
gentelman,gentleman
gentld,gentle
gentral,gentle
genuin,genuine
genunine,genuine
genunity,genuinity
genus,genius
getbackto,get back to
getit,getting
gettibg,getting
gettig,getting
gettin,getting
gettng,getting
geven,given
geving,giving
gimme,give me
giv,give
giva,given
givan,given
givcen,given
give,give
givein,given
givesend,give send
givev,give
givin,giving
givinig,giving
givven,given
givving,giving
glade,glad
gladson,glad son
gladwin,glad win
gladys,glad
glassmach,glassmatch
globel,global
gmailsmtpin,gmail smt pin
gng,going
godd,god
godowngidc,godown
godwin,god win
gogreen,go green
goin,going
goindigo,go indigo
goingon,going on
goinig,going
goldar,golden
goldie,golden
goodafternoon,good afternoon
goodday,good day
goodluck,good luck
goodmorning,good morning
goodmorring,good morning
goodoffice,good office
goods,goods
goof,good
goofup,good up
gook,good
goood,good
gorget,forget
gota,got a
gothrough,go through
gotit,got it
goto,go to
gov,government 
govenment,government
goverment,government
governament,government
governorpet,government
gracy,grace
graden,garden
grafix,graphics
grahak,graphic
grandma,grandmother
grandmas,grandmother
grandmom,grandmother
grandmothers,grandmother
grandpa,grandfather
grapho,graph
grapix,graphics
grate,great
gratefull,grateful
gratitudewarm,gratitude warm
graviss,gravity
greate,great
greateastern,great eastern
greatfull,greatful
greems,green
greenlands,green lands
greenpark,green park
greetingsthis,greetings this
greivence,grievance
grestings,greetings
gret,great
greviances,grievances
grivences,grievances
grivience,grievance
groud,ground
groupsupport,group support
grp,group
grpahic,graphic
gttng,getting
guaranteeassurance,guarantee assurance
guaranteer,guarantees
guaranter,guarantor
guardrails,guardian
gud,good
gudevening,good evening
gudiance,guidance
gue,guess
guidelineagreement,guideline agreement
guidelinesthe,guidelines
guidnance,guidance
guidness,guidance
gunn,gun
gurantee,guarantee
guyz,guys
guyzz,guys
habitate,habitat
hadnt,had not
hai,hi
haibat,habitat
hain,hair
haire,hair
haish,hair
hallo,hello
hallow,hello
halo,hello
haltu,halt
handa,hand
hande,hand
handedover,handed-over
handel,handle
handheld,hand held
handholded,hand held
handovered,handover
handwriting,hand writing
hange,hang
hangzhou,hang
hans,hands
hapen,happen
hapend,happened
hapenned,happened
happed,happened
happen,happen
happenafter,happen after
happence,happened
happend,happened
happended,happened
happends,happened
happenedeven,happened
happenedi,happened
happenned,happened
happenning,happening
happenskindly,happens kindly
happent,happened
happenwith,happen with
happining,happening
happnd,happened
happning,happening
harasing,harassing
harassig,harassing
harde,hard
hardily,hardly
harmoney,harmony
harn,harm
harrase,harass
harrased,harassed
harrasement,harassement
harrashed,harassed
harrashment,harassement
harrasing,harassing
harrasment,harassement
harrassed,harassed
harrassement,harassement
harrassing,harassing
harrassment,harassement
harresing,harassing
harresment,harassement
harries,harass
harriesment,harassement
harrrased,harassed
harrsed,harassed
hasnot,has not
hasnt,has not
hassel,hassle
hassles,hassles
hastal,hassle
haste,hassle
hastel,hassle
hata,hat
hatss,hats
havan,haven
havebeen,have been
haved,haven
havehad,have had
haveing,having
havetaken,have taken
havetransferred,have transformed
havng,having
havnt,have not
havr,have
hderabad,hyderabad
hdyerabad,hyderabad
hea,head
healp,heal
healt,health
hede,head
heelo,hello
hegdepioneer,hedge pioneer
hei,hie
heigh,height
heightsdlf,height
heip,help
hel,help
helap,help
helli,hello
helllo,hello
helloi,hello
helloo,hello
hellos,hello
hellosir,hello
hellow,hello
hellp,help
helo,hello
heloo,hello
helpevery,help every
helpfull,helpful
helpme,help me
helpp,help
helps,help
helpt,help
helpul,help
henceapplicant,hence applicant
henceforthfor,henceforth
hencei,hence
hendre,hence
hep,help
hepl,help
heplfull,helpful
heppen,happen
heraizing,harassing
herbls,herbal
herbly,hereby
herby,hereby
herold,herald
hesitage,hesitate
hesitet,hesitate
hidhid,hide
hig,high
highely,highly
highily,highly
highlated,highlighted
highlly,highly
highscholl,highschool
hight,height
hii,hi
hiiam,hi
hiii,hi
hiiii,hi
hiiiii,hi
hiiiiii,hi
hiiiiiiiii,hi
hiiiiiiiiiiiiiiiii,hi
hironmoy,harmony
historydue,history due
historywell,history well
histry,history
hited,hitech
hitted,hit
hiv,hit
hld,held
hlep,help
hllap,help
hllls,hills
hllo,hello
hlo,hello
holden,held
holeppa,hole
hom,home
homeappliancefurniture,home appliance furniture
homecentrestores,home centre scores
homee,home
homelaon,homeloan
homesbs,home
hondacity,honda city
hone,honest
honnda,honda
honouroud,honoured
hop,hope
hopefull,hopeful
hopewill,hope will
hopping,hoping
horison,horizon
hosapital,hospital
hosipal,hospital
hosital,hospital
hospetal,hospital
hospital,hospital
hospitilized,hospitalized
hota,hot
houseing,housing
houseopp,house opposite
houssing,housing
howerver,however
howeveras,however
howeveri,however
howeverwhat,however
howmuch,how much
hows,how is
howthe,how the
hpnd,happened
hppe,happen
hrassing,harassing
hrepl,help
hsppen,happen
hsve,have
humane,human
humantarian,humanitarian
hundered,hundred
hurted,hurt
husbandas,husbands
husbands,husbands
hva,have
hvac,have
hvae,have
hve,have
hving,having
hvng,having
hvnt,have not
hypnotization,hypnotisation
hypotecation,hypothecation
hypotheciation,hypothecations
hypotication,hypothetication
iaheve,I have
ialready,I already
iam,I am
ian,I am
iant,I aint
iap,I am
iarm,I am
ias,I am
icant,I cant
identi,Identical
ideot,idiot
idndustries,industries
ifany,if any
ihv,I have 
ihve,I have 
ikdz,kids
ilability,liability
illbehavd,illbehaved
illeagal,illegal
illegally,illegal
illegible,illeligible
illnesses,illness
imag,image
imagineering,imagining
imediate,immediate
imediately,immediately
imediatly,immediately
imeidatelly,immediately
imergency,emergency
imformation,information
imformetion,information
img,image
imidate,imitate
imidiat,imitate
imidiate,imitate
imidiatle,imitate
immdately,immediately
immdiatement,immediate
immdite,immediate
immdl,immediately
immdly,immediately
immdt,immediate
immdtly,immediately
immeadiatly,immediately
immed,immediate
immedaitely,immediately
immedaitelyplease,immediately
immedately,immediately
immedete,immediate
immedetely,immediately
immediaely,immediately
immediat,immediate
immediate,immediate
immediatelly,immediately
immediately,immediately
immediatelyf,immediately
immediatelyit,immediately
immediatement,immediately
immediaterly,immediately
immediatetly,immediately
immediatley,immediately
immediatly,immediately
immediatrly,immediately
immediet,immediate
immediete,immediate
immedietly,immediately
immedit,immediate
immeditaly,immediately
immeditatly,immediately
immedite,immediate
immeditely,immediately
immeiaitely,immediately
immeiately,immediately
immeidately,immediately
immidately,immediately
immideate,immediate
immideately,immediately
immidetaly,immediately
immidialtely,immediately
immidiat,immediate
immidiate,immediate
immidiately,immediately
immidiatly,immediately
immidiete,immediate
immidietely,immediately
immidietly,immediately
immiditaly,immediately
immiduat,immediate
immigiate,immigrate
immmediate,immediately
immnidetly,immediately
imp,important
impartant,important
implimentation,implementation
imploications,implications
importan,important
importane,importance
importent,important
impossbile,impossible
improvment,improvement
imput,input
inassecible,inaccessible
inboxspam,inbox spam
inccoorect,incorrect
incedently,incidentally
incedents,incidents
inchan,in change
incharg,incharge
incl,inclined
inclooddinig,including
inclosed,inclosed
includingrs,including
includs,include
incme,income
inconveinance,inconvenience
inconveince,inconvenience
inconvenienc,inconvenience
inconvenience,inconvenience
inconveniences,inconvenience
inconvience,inconvenience
inconvienence,inconvenience
inconvinence,inconvenience
inconvinent,inconvenient
inconvinience,inconvenience
inconvininec,inconvenience
incoordination,incoordination
incoorect,incorrect
incovenience,inconvenience
increament,increment
increse,increase
incresed,increased
inctallment,installment
inculde,include
inden,indent
indentifiation,indentification
independed,independent
inderstand,understand
indiqu,indigo
individ,individual
individualentity,individuality
indusrial,industrial
industrail,industrial
industralist,industrialist
industria,industrial
industrial,industrial
industrie,industries
industrierial,industrial
industries,industries
industriesrs,industries
industriess,industries
industry,industry
indutries,industries
induvidual,individual
ineed,indeed
ineffecient,inefficient
inefficiency,inefficiency
inevn,ineven
infcommission,incommission
infermation,information
infform,inform
infiniti,infinity
infirm,inform
infirmation,information
infm,inform
info,information
infom,inform
infomatics,informatics
infomation,information
infome,inform
infomed,informed
infor,information
inforam,information
inforamtion,information
inforfation,information
informaction,information
informarion,information
informastion,information
informatation,information
informati,information
informatio,information
information,information
informational,information
informative,informative
informatoin,information
informe,inform
informes,informs
informetion,information
inforn,inform
infornation,information
infornt,infront
inforrmed,informed
infrom,inform
infromation,information
infrome,inform
ingnore,ignore
inida,india
inierest,interest
initally,initially
initmate,intimate
inlaw,in-law
inneed,in need
inoce,invoice
inq,inquire
inquary,inquiry
inquery,inquiry
inqured,inquired
inqury,inquiry
inreplyto,in reply to
inresponsible,in responsible
inrested,interested
insaan,insane
insalement,installment
insalment,installment
insatallment,installment
insatalment,installment
insatalments,installment
insaurance,insurance
insilment,installment
insititution,institution
insitutions,institutions
inslment,installment
insorence,insurance
inspit,inspite
inspiteof,inspite of
insrance,insurance
inssurance,insurance
instalalment,installment
instalation,installation
instalatment,installment
instalement,installment
instalements,installment
installament,installment
installationrs,installation
installationsrs,installation
installatment,installment
installement,installment
installements,installments
installemnt,installment
installemnts,installment
installemtn,installment
installent,installment
installmemnt,installment
installmemt,installment
installmen,installment
installment,installment
installmentrd,installment
installmentrs,installment
installments,installment
installmentsie,installment
installmentsn,installment
installmentso,installment
installmentswhen,installment
installmet,installment
installtion,installation
instalmen,installment
instalment,installment
instalmenti,installment
instalments,installment
instalmentsi,installment
instament,installment
instantlycheck,instantly check
instatllment,installment
insted,instead
insterested,interested
instilment,installment
instituion,institution
instlament,installment
instllament,installment
instlment,installment
instolement,installment
instollment,installment
instolmaint,installment
instrection,instruction
instructiomn,instruction
insttalment,installment
insttlmnts,installment
insttmnt,installment
instuction,instruction
instulmet,installment
insuarance,insurance
insuarnce,insurance
insufecent,insufficient
insuff,insufficient
insufficent,insufficient
insufficianet,insufficient
insufficiant,insufficient
insuffiecent,insufficient
insuficient,insufficient
insultation,installation
insurabce,insurance
insurace,insurance
insuranace,insurance
insurance,insurance
insuranceloan,insurance
insurancers,insurance
insurances,insurance
insurancevehicle,insurance
insurannce,insurance
insurence,insurance
insurer,insure
insurnce,insurance
insurqance,insurance
intall,install
intallament,installment
intallment,installment
intallments,installment
intalment,installment
integra,integral
intercon,intercom
intered,interested
intereset,interested
interested,interested
interet,internet
internationala,international
internel,internal
inters,inter
intersed,interested
intersest,interest
interset,interest
intersrt,interest
interst,interest
intersted,interested
intervience,?
intetested,interested
inthat,in that
intial,initial
intiative,initiative
intimatation,intimation
intimatid,intimate
intimationsms,intimation
intimaton,intimation
intimtion,intimation
intitiated,initiated
intptr,interupt
intract,interact
intracted,interacted
intrerest,interest
intres,interest
intrest,interest
intrested,interested
intresting,interesting
intrestle,interested
intrst,interest
intrusted,interested
intsalment,installment
intstallment,installment
intstaments,installment
inusrance,insurance
inv,invalid
invalidpl,invalid
invelad,invalid
inventor,inventory
invesment,investment
inveters,investors
invioce,invoice
invoce,invoice
irecived,received
irequest,request
irreguler,irregular
irretating,irritating
irrisponsibility,irresponsibility
isnot,is not
isnt,is not
isntallement,installment
isreal,is real
isssue,issue
isssued,issued
isssuing,issuing
issuance,insurance
issud,issued
issuee,issue
issuei,issue
issueing,issuing
issung,issuing
issurance,insurance
issuse,issue
issuue,issue
istallment,installment
istallments,installment
istalment,installment
istead,instead
istolment,installment
isue,issue
isurance,insurance
isuse,issue
isussue,issue
isuue,issue
isuuing,issuing
itallment,installment
itritating,irritating
itsef,itself
itseif,itself
itselfi,itself
itslef,itself
janauary,january
janaury,january
janavery,january
januaryamount,january amount
januaryin,january in
januaryor,january or
januarys,january
januavry,january
januvary,january
jewelers,jewellers
jewelery,jewellery
jewellary,jewellery
jewelleries,jewellery
jewellerrs,jewellers
jewellers,jewellers
jewellerslan,jewellers
jewellry,jewellery
jewllers,jewellers
joby,job
jod,job
jointe,joint
jointes,joint
joka,joke
jokaog,joking
jokhim,joke
jpg,jpeg
jubille,jubilee
jublee,jubilee
jude,judge
judgment,judgement
jupitor,jupiter
jus,just
justrps,just
juwt,just
juz,just
jwallary,jewellery
jwellars,jewellers
kaindly,kindly
kee,keen
keer,keep
kidly,kindly
kidnly,kindly
killedar,killed
kinda,kind of
kindally,kindly
kindaly,kindly
kindely,kindly
kindiy,kindly
kindl,kindly
kindley,kindly
kindliy,kindly
kindlly,kindly
kindlu,kindly
kindly,kindly
kindlydo,kindly
kindlyrequset,kindly
kindlyupdate,kindly
kindy,kindly
kingly,kindly
kinldy,kindly
kinly,kindly
kitch,kitchen
klassic,classic
kndly,kindly
kno,knock
knouledge,knowledge
knowladege,knowledge
knowldege,knowledge
knowwhat,know what
knowwhen,know when
knowwhether,know whether
knwledge,knowledge
kohinor,kohinoor
kontact,contact
kowledge,knowledge
kundly,kindly
kwality,quality
labeled,labelled
ladi,ladies
ladiestrailors,ladies tailor
ladys,ladies
lahks,lakhs
laiability,liability
laible,liable
lakhrs,lakhs
laks,lakhs
lakshs,lakhs
lamington,lamination
lan,?
landmard,landmark
lanej,lane
laneoff,lane off
lang,language
langauge,language
languase,languages
lans,?
laoan,loan
laod,load
laon,loan
laona,loan
laoyut,layout
laptap,laptop
lastbus,last bus
lastmonth,last month
lastname,last name
lastso,last so
lat,late
lata,late
latedelayed,late delayed
lateef,late of
latesh,latest
lauhatips,laugh tips
laukik,laugh
lawincome,law income
laya,lay
layot,layout
layou,layout
layoutii,layout
layoutinner,layout
layoutnear,layout
layoutth,layout
laywer,lawyer
lazar,laser
lea,lead
leafs,leaves
leagal,legal
leagelly,legally
leagl,legal
leah,legal
leat,late
leatest,latest
leavy,leave
leder,leader
ledied,ladies
ledis,ladies
legall,legal
legar,legal
legel,legal
legl,legal
leive,leave
lemme,let me
lenguage,language
leptop,laptop
lessor,lesson
lete,late
leter,later
letest,latest
letet,latest
letler,letter
lettar,letter
lette,letter
letteraccount,letter account
letteragreement,letter agreement
lettercertificate,letter certificate
lettercibil,letter bill
letterdetails,letter details
letteremail,letter mail
letterhead,letter head
letteri,letter
letterincome,letter income
letterloan,letter loan
lettler,letter
letus,let us
leving,leaving
liabel,liable
liabil,liable
liabl,liable
liablity,liability
lian,loan
lians,loans
licence,license
licience,license
liebulity,liability
lifeciences,life sciences
lifeis,life is
lifesciences,life sciences
lifttind,lifting
ligeal,legal
lighty,light
ligin,login
lik,like
likr,like
limba,limbs
limiited,limited
limite,limit
limitedbill,limited bill
limitedloan,limited loan
limiteds,limited
limitso,limits
lince,line
linkedln,linkedin
linkein,linkedin
liquide,liquid
liscense,license
lisence,license
lisy,list
lit,list
litte,litter
liv,live
lmited,limited
loaan,loan
loab,loan
loabn,loan
loac,loan
loacation,location
loacted,located
loaction,location
loadn,load
loadt,load
loal,loan
loam,loan
loams,loans
loanaacount,loan account
loanac,loan account
loanaccount,loan account
loanaccountnocaseid,loan account
loanaccountnumber,loan account
loanacount,loan account
loanagreement,loan agreement
loanamount,loan amount
loanapproval,loan approval
loanas,loans
loanb,loan
loanc,loans
loanclosed,loan closed
loand,loans
loane,loan
loanid,loaned
loanin,loaning
loanis,loaning
loanit,loaning
loanj,loan
loanrs,loans
loanstatement,loan statement
loanstatus,loan status
loas,loan
loation,location
locater,located
locatoion,location
loccitane,location
lockin,locking
loged,logged
loggin,logging
logi,login
logib,login
loginc,login
loging,logging
loginid,login id
logining,logging
loginn,logging
loginpassword,login password
logix,logics
logstics,logistic
lona,loan
loogged,logged
lookig,looking
lookin,looking
lookng,looking
loon,look
loooking,looking
loos,loose
losn,loan
losns,loans
lown,loan
loya,loyal
luckee,lucky
lyt,lite
maater,master
maching,machining
macine,machine
madical,medical
madicare,medicare
magilal,magical
mai,maid
maidam,madam
maile,mailed
mailes,mailed
maim,mailed
maine,main
maini,main
maintaing,maintaining
maintance,maintanance
maintaned,maintained
mainted,maintained
maintenance,maintanance
maintence,maintanance
maintened,maintained
maintening,maintaining
mainting,maintaining
maintining,maintaining
maintion,maintain
majoura,majour
majra,majour
makea,make
makeing,making
maken,make
makering,making
malling,mailing
managaer,manager
managar,manager
manage,manager
managemnet,management
managment,management
manaj,manage
manajing,managing
mananger,manager
manegar,manager
mangager,manager
mangarer,manager
mange,manage
mangement,management
manger,manager
mangers,managers
manitained,maintained
manitaned,maintained
manne,manner
mantain,maintain
mantan,maintain
mantining,maintaining
mantion,mention
mantiond,mentioned
mantioned,mentioned
manuel,manual
manufactruing,manufacturing
marbals,marbles
markus,marks
masag,massage
masage,massage
masages,massage
maschine,machine
mashine,machine
masseage,message
masseg,massage
massege,massage
massge,massage
massges,massages
matchi,match
mater,material
matket,market
max,maximum
maxx,maximum
meall,meal
nack,knack
nadar,nader
naga,nag
nagaqr,nagar
nagara,nagar
nai,NAI
nal,NAL
nambar,number
namber,number
nambiar,number
named,name
namtch,no match
nan,non
naomes,names
narrationneft,narration neft
nationalized,nationalised
naure,nature
naw,new
nber,number
nbrlan,nbrln
ndly,Kindly
nead,need
neb,nib
neccasary,necessary
neccesaru,necessary
neccesary,necessary
neccessary,necessary
necesaary,necessary
necesity,necessity
necesrry,necessary
necessaire,necessary
necessaries,necessary
necessery,necessary
necessitated,necessitate
necessities,necessity
necessory,necessary
ned,need
nedd,need
nede,needed
nedeed,indeed
nedful,needful
nedfull,needful
neeccesary,necessary
needby,nearby
needfilly,needfully
needfull,needful
needfun,needful
needs,need
needv,needy
neefful,needful
neeful,needful
neel,need
neelfull,needful
nef,neft
nefft,neft
negetiv,negative
negetive,negative
negitive,negative
neglegence,negligence
negliegence,negligence
negligience,negligence
negotiations,negotiation
neighbour,neighbor
neighbourhood,neighborhood
neighbours,neighbor
neithar,neither
neither,neither
nember,number
nenu,menu
neo,new
ner,near
nerest,nearest
nerst,nearest
ness,necessary
nessary,necessary
nesseary,necessary
nessecary,necessary
nessery,necessary
nest,next
netork,network
newar,newer
nex,next
nformation,information
nformetion,information
nichhe,niche
nift,neft
nill,nil
nilofer,nil offer
nin,nil
nise,nice
nither,neither
nki,#NAME?
nless,unless
nmae,name
nmber,number
nnear,near
nnumber,number
noa,number
noan,loan
nobady,nobody
noboday,nobody
noby,nobby
nocas,no case
nocfor,noc form
nocloaan,noc loan
noclon,noc loan
noconformation,noc confirmation
nocustomer,noc customer
noe,noc
noi,noc
noin,join
nomb,number
nomber,number
nombre,number
nome,name
nonsence,nonsense
noo,no
nood,mood
noone,none
noopp,nope
nop,nope
noth,both
nothn,nothing
noticied,noticed
notifictaion,notification
noting,nothing
notttttt,not
noumber,number
nous,hours
noveltis,novelties
novemeber,november
novemebr,november
novermber,november
novmber,november
nowhich,nowhere
nterest,interest
nthng,nothing
nti,anti
nucense,nonsense
numbar,number
numbe,number
numberas,numbers
numberb,number
numberr,number
numbet,number
numbr,number
numbres,numbers
numbrr,number
numder,number
numer,number
nunmber,number
nurshing,nourishing
oairport,airport
oak,ok
oan,loan
oasis,basis
obejection,objection
obeo,obey
obiediently,obediently
obilized,obelized
objetion,objection
obline,online
obove,above
obsolutly,absolutely
obt,about
obtainedi,obtained
ocanic,oceanic
occ,occasion
occassion,occasion
occassions,occasions
occations,occasions
octeber,october
octobers,october
octomber,october
ocurring,occurring
ocwen,ocean
ocyober,october
odf,odd
odish,odisha
oenality,penality
oeration,operation
oersinal,personal
offar,offer
offc,office
offce,office
offcer,officer
offcie,office
offece,office
offence,offense
offerd,offered
offf,office
offfce,office
offical,official
officals,officials
officce,office
officie,offices
offie,office
offr,offer
offrs,offers
offs,off
ofi,off
ofice,office
oficee,office
ofter,after
oir,air
ojection,objection
ollect,collect
ommissions,commissions
ommunication,communication
oncei,onces
ond,and
onec,onces
onece,onces
onely,lonely
onine,online
onlie,online
onlin,online
onlne,online
ontact,contact
ontained,contained
onth,month
onther,another
onths,months
ontill,untill
onus,bonus
onwoards,onwards
onwords,onwards
ony,only
opeartion,operation
openi,opening
operat,operation
oping,hoping
oportunity,opportunity
oppointment,appointment
opproximate,approximate
oppurtunity,opportunity
opration,operation
orenge,orange
organisation,organization
organistaion,organization
orgin,origin
orginal,original
orgn,original
orgnisation,organization
originoal,original
orignal,original
oringal,original
oringe,orange
orintal,oriental
otberwise,otherwise
othar,other
othe,other
othersi,others
otherwaise,otherwise
othewise,otherwise
othrwise,otherwise
ouerdue,overdue
ouick,quick
ounce,bounce
ourdue,overdue
ourstanding,outstanding
oustanding,outstanding
outsanding,outstanding
outsatnding,outstanding
outsranding,outstanding
outstainding,outstanding
outstandind,outstanding
outstandinfg,outstanding
outstandn,outstanding
outstaning,outstanding
outstatnding,outstanding
ouverdue,overdue
ovar,over
ovedue,overdue
overal,overall
overd,overed
overdew,overdues
overdoes,overdues
overdrew,overdues
overdude,overdues
overduesi,overdues
overdur,overdue
overed,covered
overr,over
oversightedly,oversighted
overude,overdue
oves,overs
owardue,overdue
owenership,ownership
owerdue,overdue
oxigen,oxygen
paas,pass
paased,passed
paasword,password
pacifis,pacific
pactch,patch
pag,page
pageits,pages
paide,paid
paidep,paid
paidi,paid
paied,paid
paiment,payment
paind,pain
paisabazar,paisabazaar
paisabazzar,paisabazaar
paisabazzer,paisabazaar
paishe,paise
paisi,paise
palera,phalera
pales,pale
palser,pulsar
palyar,player
palying,playing
pam,palm
pament,payment
pamynt,payment
panality,penality
panalty,penalty
pancar,pancard
pandi,pending
panding,pending
pane,panel
panee,panne
panelty,penalty
panid,panic
panlaty,penalty
panlity,penality
panltay,penalty
panlty,penalty
papaer,paper
paradi,parade
paradia,parade
paramuont,paramount
parasanal,personal
parasnol,personal
parasol,personal
parcnal,personal
pardigam,paradigm
parl,park
parlour,parlor
parternship,partnership
particluar,particular
particuler,particular
particulours,particulars
partielle,partial
partys,party
pas,pass
pasbook,passbook
passaed,passed
passbooks,passbook
passedway,passed away
passoin,passion
passord,password
passowod,password
passoword,password
passportsjze,passport size
passs,pass
passsword,password
passwar,password
passward,password
passwo,password
passwod,password
passwor,password
passwordk,password
passwordous,password
passwords,password
passwored,password
passworfd,password
passworrd,password
passwrd,password
pasta,paste
pasuble,pasuable
pasward,password
paswod,password
paswood,password
pasword,password
paswrd,password
pate,paste
pathatic,pathetic
pathitic,pathetic
paths,path
patle,petal
patrol,petrol
patyment,payment
paument,payments
pavement,payment
paya,pay
payament,payment
payble,payable
payding,paying
paye,payee
payed,payee
payee,payee
payement,payment
payemnet,payment
payemnt,payment
payemtn,payment
payent,payment
payin,paying
paymaent,payment
paymanent,payment
paymanet,payment
paymant,payment
paymena,payment
paymennt,payment
paymenti,payment
paymenty,payment
paymet,payment
paymment,payment
paymnet,payment
paymnets,payments
paymnt,payment
paymrnt,payment
paymt,payment
paymts,payment
paynemt,payment
pays,pay
peaments,payments
peanal,penalty
peanilized,penalized
peanlty,penalty
pease,peace
peding,pending
peesonal,personal
pelanty,penalty
pement,payment
penalise,penalize
penalised,penalized
penality,penalty
penaly,penalty
penasonic,panasonic
pend,pencils
pendencies,dependencies
pendency,dependency
pendent,dependent
pendi,pencil
pendig,pending
pendin,pending
penel,panel
penellty,penalty
penelty,penalty
pening,pending
penlaty,penalty
penlty,penalty
penting,panting
peoduct,product
peope,people
peoplei,people
peovide,provide
pepar,paper
peper,paper
peple,people
pepole,people
perameter,parameter
percentage,percentage
perched,purchased
perches,purchased
percuntage,percentage
perfetti,perfect
periad,period
periodicaly,periodically
perioed,period
peripherls,previous
permanant,permanent
permanantly,permanently
permanet,permanent
permettant,permanent
permonth,per month
peroid,period
peronal,personal
perosnal,personal
perosonal,personal
perpayment,per payment
perperson,per person
perpose,purpose
persanal,personal
persanol,personal
persent,percent
persentage,percentage
persinalloan,personal loan
persion,person
persional,personal
persn,person
persnal,personal
persniol,personal
persnoal,personal
persnol,personal
persnt,present
persoal,personal
persoally,personally
persoanl,personal
persobal,personal
person,personal
persona,personal
personal,personal
personala,personal
personale,personal
personalloan,personal loan
personalloanloan,personal loan
personalloans,personal loan
personaly,personally
persone,personal
personell,personal
personelly,personally
personely,personally
personl,personal
personla,personal
personlly,personally
personly,personally
personnal,personal
personneal,personal
personnel,personal
personnels,personal
personol,personal
personss,persons
persoonel,personal
perspective,perspective
perspnal,personal
perssonal,personal
persue,pursue
persuel,pursue
perticulars,particular
pervious,previous
pesnal,personal
peson,person
pesonal,personal
pesonally,personally
pespl,personal
pesrsonal,personal
pesson,person
pettion,petition
pevious,previous
peyment,payment
peyseilp,payslip
pharachem,pharmachemical
pharm,pharma
pharmacetical,pharmaceutical
pharmachem,pharmachemical
phaseb,phase
phasei,phase
phaseii,phase
phaseiii,phase
phaseiiidelhi,phase
phaseiv,phase
phasev,phase
phisically,physically
phising,phasing
phn,phone
phne,phone
phno,phone number
phnoe,phone
pho,phone
phome,phone
phon,phone
phone,phone
phoneamazon,phone
phonebanking,phone
phoneno,phone number
phonenumber,phone number
phoneo,phone
phonephone,phone
photocoy,photocopy
photos,photo
phycisally,physically
physially,physically
physical,physically
physically,physically
physicallyi,physically
physicallyplease,physically
physicaly,physically
pic,picture
pickip,pickup
pics,picture
picup,pickup
piease,please
pik,picture
pikle,pickle
piller,pillar
pils,pills
pimle,pimple
pincodepostal,pincode
pionic,picnic
pipple,pimple
pisces,pieces
pise,piece
piz,pizza
plaase,please
placei,place
plaese,please
plaining,planning
planing,planning
planned,planned
plannig,planning
plas,plants
plc,place
ple,please
plea,please
pleaae,please
pleaase,please
pleace,please
plead,pleased
pleade,pledge
pleadge,pledge
pleae,please
pleaee,please
pleaes,please
pleage,please
pleas,please
pleasc,please
pleasd,pleased
pleasea,please
pleased,pleased
pleasee,please
pleaseee,please
pleasegive,please
pleasei,please
pleaselook,please
pleasemy,please
pleasent,pleasant
pleaseplease,please
pleasesir,please sir
pleasewait,please wait
pleasnt,pleasant
pleasr,please
pleasre,pleasure
pleasse,pleasure
pleasure,pleasure
pleasw,please
plece,please
pledeged,pledged
pleease,please
plees,please
pleese,please
pleople,people
plerase,please
ples,please
plesa,please
plesae,please
plese,please
plesea,please
plesec,please
pleses,please
pless,please
plesse,please
plez,please
pleze,please
plg,please
plis,please
plise,please
pliz,please
plj,please
pll,please
pllace,place
ploice,police
plotno,plot number
ploy,plot
plrase,please
plreg,please
pls,please
plse,please
plsece,please
plss,please
plsse,please
plsss,please
plssss,please
plsssssss,please
plssssssss,please
plsz,please
pluss,plus
plvc,plus
plze,please
plzs,please
plzsirmadam,please
plzz,please
plzzz,please
plzzzz,please
plzzzzz,please
plzzzzzz,please
plzzzzzzz,please
plzzzzzzzz,please
pnding,pending
poasonal,personal
poassible,possible
poice,police
policve,policy
policys,policies
ponts,points
poorservice,poor service
poosible,possible
poposal,proposal
porcessing,processing
porsanal,personal
porsenal,personal
porshnal,personal
porsonel,personal
portel,portal
portle,portal
porvide,provide
posess,posses
posibal,possible
posibale,possible
posibble,possible
positve,positive
pospaid,postpaid
possable,possible
possbile,possible
possble,possible
posseble,possible
possess,posses
possiable,possible
possiably,possible
possibal,possible
possibe,possible
possibel,possible
possibie,possible
possibile,possible
possibke,possible
possibl,possible
possibliity,possibility
possilbe,possible
possinle,possible
possiple,possible
possitive,positive
possitivly,positively
possitve,positive
possitvely,positively
possword,password
postel,postal
postion,position
postive,positive
postond,postponed
postpaid,postpaid
postpond,postponed
postponding,postponing
poswrd,password
potable,portable
potal,portal
povide,provide
poyment,payment
ppeople,people
ppin,pin
ppl,people
pplace,place
ppls,please
ppr,paper
practising,practicing
prblem,problem
prblm,problem
prbln,problem
prceedure,procedure
prcess,process
preamium,premium
preappored,preapproved
preapporved,preapproved
preaproved,preapproved
preasent,present
prebolem,problem
precedure,procedure
precess,process
precesses,processes
preclearace,preclearance
precloser,preclosure
preclossure,preclosure
precloure,preclosure
preclousre,preclosure
prefect,perfect
prefectly,perfectly
preferd,preferred
prefered,preferred
preiod,period
premioum,premium
premission,permission
premiumh,premium
premiumr,premium
premiums,premium
premiun,premium
preocess,process
prepairing,preparing
presdent,president
presnal,personal
presnol,personal
presntly,presently
preson,person
presonal,personal
pressring,pressuring
prestage,prestige
presurre,pressure
pretest,protest
preveous,previous
previes,previews
previosly,previously
prevoius,previous
prevous,previous
pricipal,principal
priestage,prestige
primium,premium
principlle,principle
princpal,principal
prinicipal,principal
prio,prior
priorerty,priority
prioriy,priority
priorly,priority
priorty,priority
pripority,priority
prirority,priority
prise,price
privided,provided
privielege,privilege
priviese,privilege
privilgis,privilege
privillage,privilege
privious,previous
privous,previous
privu,previous
probal,probable
probled,problem
probleme,problem
problemi,problem
probleml,problem
problm,problem
problum,problem
probulam,problem
proccecing,processing
procced,proceed
procces,process
proccesing,processing
proccess,process
proccessor,processor
proceding,proceeding
procedur,procedure
procedureeeee,procedure
procees,process
proceesing,processing
proceessing,processing
proces,process
proceser,processor
proceses,processes
procesing,processing 
processe,process
procesure,procedure
proceudre,procedure
procide,procedure
procidure,procedure
procudure,procedure
prodacts,products
prodcuts,products
prodect,products
produc,products
producure,procedure
producy,product
produse,produce
proess,process
profesional,professional
professinol,professional
proff,professor
proffession,profession
proffessional,professional
progres,progress
proirty,priority
proivde,provide
promissed,promised
promissory,promisory
prompltly,promptly
promplty,promptly
promt,prompt
prood,proud
proove,prove
propasal,proposal
properely,properly
propoer,proper
propritor,proprietor
proprty,property
prosecing,processing
prosees,process
proses,process
prosess,process
prosessing,processing
prosesur,processor
prosidior,procedure
prosidure,procedure
prossedures,procedures
prosseing,processing
prosses,process
prossese,process
prossesing,processing
prossessing,processing
protal,portal
protapghar,photographer
protiens,proteins
provde,provide
provding,providing
provibe,provide
provice,provide
provid,provide
providde,provide
provide,provide
provied,provide
provifded,provided
provind,proving
proviso,provision
provke,provoke
prrpose,propose
prsanal,personal
prsn,person
prsnalon,personal
prsnl,personal
prsonal,personal
prtal,portal
psnl,personal
pson,person
pssible,possible
pssword,password
pswd,password
pswrd,password
psycriatist,psychiatrist
pther,other
puchace,purchase
puchase,purchase
puchased,purchased
puchesed,purchased
puepose,purpose
pulsr,pulse
punbh,punch
pupose,purpose
purcha,purchase
purchace,purchase
purchaed,purchased
purchage,purchase
purchaged,purchased
purchaing,purchasing
purchas,purchase
purchasedi,purchased
purchasee,purchase
purchashing,purchasing
purchasr,purchase
purcheging,purchasing
purches,purchase
purchesd,purchased
purchese,purchase
purchesed,purchased
purchsd,purchased
purchse,purchase
purchsed,purchased
purchses,purchases
pureches,purchase
purhased,purchased
purhcase,purchase
purhcsed,purchased
purpoeses,purposes
purpos,purpose
purposei,purpose
purpous,purpose
purpouse,purpose
purpuse,purpose
pursches,purchase
pursonal,personal
pushp,push
putup,put up
puurcchase,purchase
pvt,private
pvtltd,private limited
pwd,password
pya,pay
pyamant,payment
pyaments,payments
pyar,pray
pyment,payment
pymt,payment
qery,query
qoustion,question
qpproach,approach
quaries,queries
quarries,queries
quarry,query
quarrys,queries
quartars,quarter 
quarter,quarter 
quartly,quarterly
quary,query
quater,quarter
quaters,quarters
quay,query
qucik,quick
queary,query
queiry,query
querie,query
querries,queries
querry,query
queryed,queried
querying,querying
quest,question
quicke,quick
quickily,quickly
quicky,quickly
quiers,queries
quiery,query
quiete,quiet
quietly,quietly
quik,quick
quike,quick
quikly,quickly
quire,query
quireies,queries
quires,queries
quirey,query
quiries,queries
quiry,query
quite,quiet
quotaion,quotation
qurey,query
qwery,query
rac,race
racecourse,race course
racieve,receive
ractify,rectify
raegards,regards
raeson,reason
rafund,refund
ragards,regards
ragrding,regarding
raimbursement,reimbursement
rainu,rain
raiway,railway
ranka,rank
rapayment,repayment
rason,reason
rasponse,response
rayz,rays
reaach,reach
reabout,reach
reacheable,reachable
reacheble,reachable
reacived,received
reagarding,regarding
reagards,regards
reagdrs,regards
reagds,regards
reagrads,regards
reagrd,regards
reagrding,regarding
reagrds,regards
realesed,released
realiable,reliable
realisation,realisation
realise,realise
realised,realised
realising,realising
realsied,realised
realted,related
realties,realities
realty,reality
realy,really
reamaining,remaining
reamining,remaining
reapeting,repeating
reaply,reapply
reapte,repeat
reapted,repeated
reapyment,repayment
rearding,regarding
reards,regards
reargds,regards
reasan,reason
reasion,reason
reasonreasons,reason
rec,receive
recarding,recording
recards,records
recaviry,recovery
reccevied,received
reccive,receive
recd,received
receave,receive
receaved,received
rececived,received
receiced,received
receied,received
receievd,received
receieve,receive
receieved,received
receing,receiving
receip,receipt
receipet,receipt
receipiet,receipt
receipte,receipt
receipti,receipt
receiv,receive
receivd,received
receiveing,receiving
receivin,receiving
receivrd,received
recenly,recently
recentally,recently
recentaly,recently
recentely,recently
recently,recently
recenty,recently
receords,records
recepet,receipt
recepi,receipt
recepit,receipt
recept,receipt
receuved,recovered
recev,receive
recevd,received
receve,receive
receved,received
recevef,received
recevid,received
recevie,receive
recevied,received
receving,receiving
recheble,reachable
rechebul,reachable
rechived,received
reciept,receipt
reciepts,receipts
reciev,receive
recievd,received
recievded,received
recieve,receive
recieved,received
recieveing,receiving
reciever,receiver
recievie,receive
recieving,receiving
recipet,receipt
recipit,receipt
recipt,receipt
recipte,receipt
recipts,receipt
recive,receive
recived,received
recivedplease,received
recivef,receiver
reciver,receiver
recivied,received
reciving,receiving
reclamation,reclaimation
recntly,recently
recocrd,record
recod,record
recoed,record
recoerd,record
recomend,recommend
recomendation,recommendation
recor,record
recordi,recording
recored,recorded
recory,recovery
recoverye,recovery
recovry,recovery
recrod,record
recruiment,recruitment
rectifie,rectify
recvd,received
recved,received
recvied,received
redable,readable
redagrs,regards
redards,regards
redeived,received
redeposite,redeposit
reduceed,reduced
reduse,reduce
reegards,regards
reesive,receive
refards,regards
refence,reference
referance,reference
referenece,reference
referens,reference
referes,reference
referigator,refrigerator
referigerator,refrigerator
refernce,reference
refernece,reference
referrence,reference
reffer,refer
refference,reference
reffrence,reference
refigerator,refrigerator
reflict,reflect
refnd,refund
refnded,refunded
refr,refer
refrejarator,refrigerator
refrejartor,refrigerator
refridgerator,refrigerator
refriegerator,refrigerator
refriegeritar,refrigerator
refrigarator,refrigerator
refrigater,refrigerator
refrigator,refrigerator
refrigeater,refrigerator
refrigerate,refrigerator
refrigerater,refrigerator
refrigerator,refrigerator
refrigeratorac,refrigerator
refrigeratorlg,refrigerator
refrigerators,refrigerator
refrigeretor,refrigerator
refrigeror,refrigerator
refrigertor,refrigerator
refrigetor,refrigerator
refrigirator,refrigerator
refrigrater,refrigerator
refrigrator,refrigerator
refrigreator,refrigerator
refrijaretore,refrigerator
refrnce,reference
refun,refund
refurnd,refund
regading,regarding
regadng,regarding
regads,regards
regardes,regards
regars,regards
regarts,regards
regasds,regards
regatds,regards
regcard,regards
regd,regards
regds,regards
regenret,regenerate
regerding,regarding
regerds,regards
regiatered,registered
regiatration,registration
registation,registration
registeration,registration
registerd,registered
registered,registered
registion,registration
registrade,registered
registration,registration
registrations,registration
registraton,registration
registrd,registered
registred,registered
registrered,registered
registseed,registered
regitered,registered
regrds,regards
regrigerater,refrigerator
regstrd,registered
regulalry,regularly
regular,regular
regularily,regularly
regularlly,regularly
regularly,regularly
regulary,regularly
regulerly,regularly
regullerly,regularly
regulrly,regularly
regurd,regards
regurds,regards
reimburshment,reimbursement
reimbursment,reimbursement
reissuse,reissue
rejectd,rejected
rejecte,rejected
rejectred,rejected
rejeted,rejected
relavent,relavant
releated,related
releted,related
releteds,related
relise,realise
remainig,remaining
remainin,remaining
remaining,remaining
remainingbecause,remaining
remaning,remaining
rembersed,reimbursement
remidner,reminder
remimder,reminder
renevel,renewal
renu,renew
renuable,renewable
repament,repayment
repected,respected
repectively,respectively
reperenstative,representative
repersentative,representative
repersented,represented
repersentitive,representative
repesentitve,representive
repky,reply
repl,reply
repling,replying
replyed,replied
repond,respond
reponding,responding
reponse,response
reprebstative,representative
reprensative,representative
reprenstetive,representative
reprentative,representative
represanative,representative
represenative,representative
representataive,representative
representative,representative
representatives,representative
representave,representative
representive,representative
representives,representative
represetative,representative
represetatives,representative
represetiuve,representative
represntative,representative
represntatv,representative
represtative,representative
represtentive,representative
reprort,report
repyament,repayment
repyment,repayment
reqest,request
reqeste,request
reqeust,request
reqiest,request
reqired,required
reqiured,required
reqouest,request
reqred,required
reqs,request
reqst,request
requard,required
requed,required
requerd,required
requered,required
requeset,request
requesst,request
request,request
requeste,request
requet,request
requid,required
requied,required
requierd,required
requiest,request
requirest,request
reqular,regular
requlary,regularly
requrd,required
requre,require 
requred,required
requrest,request
requset,request
requst,request
requste,request
requvest,request
reqvest,request
reqwest,request
reqwqst,request
rerequest,request
resnd,resend
resaons,reasons
reseivd,received
resev,reserve
resevde,reserve
residance,residence
residence,residence
residenceb,residence
residences,residence
residensy,residence
resindecy,residence
resipt,receipt
reslove,resolve
resole,resolve
resoled,resolve
resolv,resolve
resolve,resolve
resolved,resolve
resolveing,resolve
resolver,resolve
resolves,resolve
resolvesd,resolve
resoponse,response
resourse,resource
resove,resolve
resoveld,resolved
respcted,respected
respeced,respected
respeceted,respected
respectd,respected
respectrd,respected
respoce,response
responce,response
respone,response
respons,response
responseas,responses
responseded,responded
responsiblie,responsible
respose,response
respound,respond 
respt,respect 
restpected,respected
retailar,retailer
retailor,retailer
retailr,retailer
retan,retain
retreive,retrieve
retrive,retrieve
returnd,returned
returne,return 
returng,returning
returun,return
reuest,request
reuqest,request
revarsel,revarsal
reveive,revive
revers,reverse
reversel,reversal
revershal,reversal
revet,revert
revirt,revert
revlevant,relevant
revrsable,reversible
revrsal,reversal
revrt,revert
rewart,reward
rewise,revise
rgarding,regarding
rgards,regards
rgd,regards
rgds,regards
rgeards,regards
rgmas,regards
rgrds,regards
rgrgs,regards
rgs,regards
ricipt,receipt
ricive,receive
ricived,receive
ridiiculous,ridiculous
rigarding,regarding
rigards,regards
rigt,right
rigts,rights
ringig,ringing
rings,rings
rinsu,rinse
riplay,replay
riply,reply
riplye,reply
risponc,reponse
risponce,reponse
risponse,reponse
rite,right
roduct,product
rout,route
rquest,request
rquested,requested
rquired,required
rrquest,request
rud,rude
rugister,register
runnig,running
rupe,rupee
rupeea,rupee
rupes,rupees
rupeses,rupees
rupess,rupees
rupies,rupees
ruppee,rupees
ruppes,rupees
ruppess,rupees
ruprees,rupees
ruturn,return
sabvings,savings
saction,sanction
sactioned,sanctioned
sadenly,suddenly
saficent,sufficient
safician,sufficient
saficient,sufficient
sallary,salary
sallery,salary
salon,saloon
salry,salary
salse,sales
salution,salutation
sanactioned,sanctioned
sanctined,sanctioned
sangtion,sanction 
sanstioned,sanctioned
sate,state
satelit,satellite
satge,stage
satisfacory,satisfactory
satisfaction,satisfaction
satisfactionas,satisfaction
satisfactorily,satisfactory
satisifed,satisfied
sattelement,settlement
sattelite,satelite
sattelment,settlement
sattement,settlement
sattemnet,settlement
sattlement,settlement
satus,status
satuts,status
sayini,saying
sayng,saying
scand,scan
scaned,scanned
scaning,scanning
scanne,scanned
scantioned,sanctioned
sccount,account
scedule,schedule
scenerio,scenario
schdual,schedule
schdule,schedule
schdules,schedule
schedual,schedule
schedul,schedule
schem,scheme
scheudle,schedule
schim,scheme
schme,scheme
scholl,school
schoo,school
schudle,schedule
scociety,society
scoiety,society
scoter,scooter
scotter,scooter
scudule,schedule
scvhedule,schedule
seattlement,settlement
sechedule,schedule
secound,second
secretariate,secretariat
secretriat,secretariat
securitites,securities
securitys,securities
sedule,schedule
sencation,sanction 
sencerely,sincerely
senction,sanction 
senctioned,sanctioned
seperate,separate
sepetember,september
septembber,september
septembder,september
septemberfor,september
septemberos,september
septemberplease,september
septemberwednesday,september
septetmber,september
sequal,sequel
sequence,sequence
seriesly,seriously
seriouly,seriously
seriuos,serious 
seriuously,seriously
seriusly,seriously
serivces,services
serive,service 
serivic,service
serivices,service
seroius,serious
servce,service
servcie,service
serveral,several
serves,servers
servey,survey
servie,service
servies,service
servise,service
servive,survive
setalment,settlement
setament,statement
setelite,satelite
setelment,settlement
settalment,settlement
settee,settlement
settel,settlement
setteld,settlement
setteled,settlement
settelement,settlement
settment,settlement
sevaral,several
shahadw,shadow
shcedule,schedule
shceme,scheme
sheadule,schedule
shedual,schedule
sheduals,schedule
sheducle,schedule
shedul,schedule
shedule,schedule
sheduled,schedule
shoroom,showroom
shoul,should
shoulbe,should be
shouldnot,should not
shouldnt,should not
shourt,short
sidei,side
signe,signed
signin,signing
simlai,similar
simplex,simple
simplly,simply
sincearly,sincerely
sincelry,sincerely
sinceraly,sincerely
sincerety,sincerely
sincerity,sincerely
sincerly,sincerely
sincierity,sincerely
sincierly,sincerely
singg,sing
singla,single
sinnature,signature
sinserly,sincerely
sinsiarly,sincerely
sistam,system
sistem,system
sistema,system
situtated,situated
sitution,situation
skiped,skipped
sleepling,sleeping
smarte,smart
smarth,smart
smnthng,something
smoothely,smoothly
soceity,society
societys,societies
socirty,society
socity,society
soing,song
soley,solely
solicated,solicited
soliciated,solicited
solicite,solicit
sollution,solution
soluction,solution
solustion,solution
solutionss,solutions
solvation,solution
solwe,solve
som,some
sombody,somebody
somebidy,somebody
someboby,somebody
somethimg,something
somr,some
somthing,something
somu,some
soo,so
sooon,soon
sorce,soucre
soring,scoring
sory,sorry
souce,source
soultions,solutions
soury,sorry
sow,saw
spac,space
spaecial,special
spar,spare
specialty,speciality
specialy,speciality
specilist,specialist
speck,speak
speechi,speech
speecks,speaks
speek,speak
speelit,split
speking,speaking
spelender,splendour
spent,spend
spesk,speak
spetember,september
spilt,split
splendar,splendour
splender,splendour
splendor,splendour
splendora,splendour
spoling,spoiling
spollig,spoiling
spoorthi,sport
spreed,spread
ssuring,assuring
staatment,statement
staement,statement
staements,statement
staf,staff
stag,stage
staitment,statement
stalement,statement
stallment,installment
stalment,installment
stalments,installment
stament,statement
standig,standing
stantment,statement
stared,started
stasement,statement
stasus,status
stataement,statement
statament,statement
statas,status
statatu,status
stateaments,statement
stateemet,statement
stateent,statement
statemaent,statement
statemant,statement
statemeet,statement
statememt,statement
statemen,statement
statemenet,statement
statemenf,statement
statement,statement
statementac,statement
statementas,statements
statmant,statement
statmen,statement
statmenr,statement
statment,statement
statmenton,statement
statments,statement
statmet,statement
statmnt,statement
stattement,statement
statue,status
statues,status
statusi,status
statyement,statement
staue,status
staus,status
stauts,status
stayement,statement
stayig,staying
stayng,staying
staze,stage
steatment,statement
steet,street
stelment,statement
stement,statement
stemetnto,statement
stending,standing
stetamet,statement
stetement,statement
stetmen,statement
stetment,statement
stetments,statement
stetmet,statement
stetus,status
stetuse,status
stiil,still
stiill,still
stil,still
stilll,still
stmnt,statement
stmt,statement
stoct,stock
stopp,stop
storw,story
strandard,standard
stranded,standard
streching,stretching
strides,strikes
strt,start
ststement,statement
ststment,statement
ststus,status
sttachment,attachment
sttaion,station
sttatement,statement
sttelment,settlement
sttement,settlement
stuffs,staffs
suatus,status
subejct,subject
subgect,subject
subit,submit
subj,subject
subjecti,subject
subji,subject
submetted,submitted
submiited,submitted
submision,submission
submition,submission
submitt,submit
submittion,submission
submttd,submitted
subscribet,subscriber
subsecuently,subsequently
subsequentlyi,subsequently
subsidy,subsidiary
succeded,succeeded
succes,success
succesful,successful
succesfull,successful
successfull,successful
sucess,success
sucide,suicide
sucssesfull,successful
suddn,sudden
suddnely,suddenly
sudenly,suddenly
suffciently,sufficiently
sufficeint,sufficient 
sufficent,sufficient 
sufficiant,sufficient 
sufficient,sufficient 
sufficients,sufficient 
sufficint,sufficient 
suffiecent,sufficient 
suffiecient,sufficient 
suffiecnt,sufficient 
suffient,sufficient 
suffucient,sufficient 
suficiant,sufficient 
suggesion,suggestion
suggetions,suggestion
suggust,suggest 
supdt,super
supourtive,supportive
suppler,supplier
supposd,supposed
suppossed,supposed
suprise,surprise
suprised,surprised
surpise,surprise
sustomer,customer
swithc,switch
sxhedule,schedule
systeam,system
systeme,system
systemi,system
systems,system
sysytem,system
takeing,taking
takent,taken
talen,talent
taskeen,task
teart,treat
teceive,receive
techical,technical
techinal,technical
teem,teen
teka,take
tekan,taken
teke,take
telecon,telecom
teleohone,telephone
televisonrs,television
telivision,television
telliphonic,telephonic
telll,tell
temporally,temporarily
temporary,temporarily
temporery,temporary
tennure,tenure
tenson,tension
tenuare,tenure
termiantion,termination
terminate,terminate
thakful,thankful
thaking,thanking
thakq,thank
thaks,thanks
thankimg,thanking
thankin,thanking
thankinh,thanking
thankqing,thanking
thanku,thank you
thankyou,thank you
thankyu,thank you
thannking,thanking
thanque,thank you
thans,thanks
thansk,thanks
thansks,thanks
thanx,thanks
thanxs,thanks
theater,theatre
thir,third
thiz,this
thnks,thanks
thnku,thank you
thnkx,thanks
thnq,thank you
thnx,thanks
thorugh,through
threre,there
tihs,this
tiill,till
tima,time
timei,time
timesi,times
timimg,timing
tine,time
todayi,today
todey,today
tolly,toll
tolrate,tolarate
tomm,tomorrow
tommarow,tomorrow
tommarrow,tomorrow
tommorow,tomorrow
tommorrow,tomorrow
tommorw,tomorrow
tommrow,tomorrow
tomorow,tomorrow
tomorrowfri,tomorrow
tomorrowits,tomorrow
tomorrows,tomorrow
totale,total
totaly,totally
totta,totally
tottal,totally
tottally,totally
tottaly,totally
tourm,tourism
towar,toward
towarde,toward
towardes,towards
traack,track
trac,track
tracl,track
traclk,track
tragad,tragid
trai,trail
trailling,trailing
tranaction,transaction
tranasaction,transaction
tranction,transaction
trandfer,transfer
tranfer,transfer
tranferd,transfer
tranfered,transfered
tranfering,transfering
tranferrring,transfering
tranning,training
transacation,transaction
transacations,transaction
transacrtion,transaction
transanction,transaction
transatiction,transaction
transation,transaction
transction,transaction
transect,transact 
transection,transaction
transfed,transfered
transfere,transfered
transfered,transfered
transferrable,transferable
transffered,transfered
transfor,transform
transfr,transfer
transperant,transparent
transrefed,transfered
transtion,transaction
transuction,transaction
traveler,traveller
traveling,travelling
travelking,travelling
travellng,travelling
treders,traders
treding,trading
trendz,trends
tress,stress
trhrough,through
triying,trying
trnsfer,transfer
troubleing,troubling
trough,through
truely,truly
trully,truly
tryed,tried
tryid,tried
tryied,tried
turnded,turned
udpate,update
uegently,urgently
unanswer,unable
unblcoked,unblocked
unble,unable
unblokked,unblocked
unbocked,unblocked
uncessarliy,unnecessarily
uncessiarly,unnecessarily
undasstand,understand
undersined,undersigned
undersinged,undersigned
understatnd,understand
undertood,understood
undustand,understood
uneccasry,unnecessarily
unecessary,unnecessarily
unfortunatly,unfortunately
unfortunetly,unfortunately
unfortynatlly,unfortunately
unicon,unicorn
uniy,unity
unncessarly,unnecessarily
unnecassary,unnecessarily
unneccesary,unnecessarily
unneccessary,unnecessarily
unnecessarily,unnecessarily
unnecessarly,unnecessarily
unnecessary,unnecessarily
unnecessay,unnecessarily
unnesaerlly,unnecessarily
unnessaraly,unnecessarily
unnessary,unnecessarily
unparlemantry,unparliamentary
unparlementary,unparliamentary
unparlimentry,unparliamentary
unparliyamentry,unparliamentary
unpplementary,unparliamentary
unsofficient,unsufficient
untill,until
uodate,update
upadate,update
upadation,updation
upadte,update
updae,update
updartes,updates
updat,update
updataion,updation
updatation,updation
updatd,updated
updationa,updation
updatye,update
updet,update
updete,update
updt,update
updte,update
updted,update
updtes,update
upsidc,upside
urderstand,understand
uregently,urgently
uregnt,urgent 
uregntly,urgently
urently,urgently
urgentaly,urgently
urgentely,urgently
urgentliy,urgently
urgentlly,urgently
urjentiy,urgently
urjently,urgently
urngently,urgently
useing,using
usernamec,username
usuall,usual
varify,verify
vehcile,vehicle
vehcle,vehicle
vehical,vehicle
vehicals,vehicle
vehicel,vehicle
vehiche,vehicle
vehilce,vehicle
vehile,vehicle
vehiler,vehicle
vehjicle,vehicle
veichle,vehicle
verefication,verification
verfycation,verification
vericaficatinon,verification
verifcation,verification
verifection,verification
verification,verification
verifiyed,verified
verifycation,verification
veryfied,verified
viehicle,vehicle
villege,village
villge,village
virifed,verified
visitin,visiting
visted,visited
visting,visiting
wrkng,working
wro,wrong
wroth,worth
yest,yesterday
yestarday,yesterday
yester,yesterday
yesterdat,yesterday
yesterdayi,yesterday
yesterdayplease,yesterday
yesterdayrs,yesterday
yesterdays,yesterday
yesterdayyou,yesterday
yestersday,yesterday
yesturday,yesterday
scheduke,schedule
ac num,account number
ac num:,account number
addres,address
lon,loan
a/c,account 
a\c,account
r c,rc
accts,account
balce,balance
finonne,finnone
certificets,certificate
clearence,clearance
samrt,smart
waster,wasted
